{
  "YO": "This file is built by the Makefile, your edits may not be saved on build",
  "JAVASCRIPT": {
    "DIST_DIR": "./",
    "reqwest": [
      "src/copyright.js",
      "src/reqwest.js"
    ]
  },
  "JSHINT_OPTS": {
    "predef": [
      "define",
      "ActiveXObject",
      "XDomainRequest"
    ],
    "bitwise": true,
    "camelcase": false,
    "curly": false,
    "eqeqeq": false,
    "forin": false,
    "immed": false,
    "latedef": false,
    "newcap": true,
    "noarg": true,
    "noempty": true,
    "nonew": true,
    "plusplus": false,
    "quotmark": true,
    "regexp": false,
    "undef": true,
    "unused": true,
    "strict": false,
    "trailing": true,
    "maxlen": 120,
    "asi": true,
    "boss": true,
    "debug": true,
    "eqnull": true,
    "esnext": true,
    "evil": true,
    "expr": true,
    "funcscope": false,
    "globalstrict": false,
    "iterator": false,
    "lastsemic": true,
    "laxbreak": true,
    "laxcomma": true,
    "loopfunc": true,
    "multistr": false,
    "onecase": false,
    "proto": false,
    "regexdash": false,
    "scripturl": true,
    "smarttabs": false,
    "shadow": false,
    "sub": true,
    "supernew": false,
    "validthis": true,
    "browser": true,
    "couch": false,
    "devel": false,
    "dojo": false,
    "mootools": false,
    "node": true,
    "nonstandard": true,
    "prototypejs": false,
    "rhino": false,
    "worker": true,
    "wsh": false,
    "nomen": false,
    "onevar": false,
    "passfail": false
  }
}